--------------------------------------------------------
--  File created - Wednesday-December-04-2013   
--------------------------------------------------------
--------------------------------------------------------
--  DDL for Table COUNTRIES
--------------------------------------------------------

  CREATE TABLE "COUNTRIES" 
   (	"COUNTRY_ID" CHAR(2), 
	"COUNTRY_NAME" VARCHAR2(40), 
	"REGION_ID" NUMBER, 
	 CONSTRAINT "COUNTRY_C_ID_PK" PRIMARY KEY ("COUNTRY_ID") ENABLE
   ) ORGANIZATION INDEX NOCOMPRESS ;
 

   COMMENT ON COLUMN "COUNTRIES"."COUNTRY_ID" IS 'Primary key of countries table.';
 
   COMMENT ON COLUMN "COUNTRIES"."COUNTRY_NAME" IS 'Country name';
 
   COMMENT ON COLUMN "COUNTRIES"."REGION_ID" IS 'Region ID for the country. Foreign key to region_id column in the departments table.';
 
   COMMENT ON TABLE "COUNTRIES"  IS 'country table. Contains 25 rows. References with locations table.';
/
--------------------------------------------------------
--  DDL for Table DEPARTMENTS
--------------------------------------------------------

  CREATE TABLE "DEPARTMENTS" 
   (	"DEPARTMENT_ID" NUMBER(4,0), 
	"DEPARTMENT_NAME" VARCHAR2(30), 
	"MANAGER_ID" NUMBER(6,0), 
	"LOCATION_ID" NUMBER
   ) ;
 

   COMMENT ON COLUMN "DEPARTMENTS"."DEPARTMENT_ID" IS 'Primary key column of departments table.';
 
   COMMENT ON COLUMN "DEPARTMENTS"."DEPARTMENT_NAME" IS 'A not null column that shows name of a department. Administration,
Marketing, Purchasing, Human Resources, Shipping, IT, Executive, Public
Relations, Sales, Finance, and Accounting. ';
 
   COMMENT ON COLUMN "DEPARTMENTS"."MANAGER_ID" IS 'Manager_id of a department. Foreign key to employee_id column of employees table. The manager_id column of the employee table references this column.';
 
   COMMENT ON TABLE "DEPARTMENTS"  IS 'Departments table that shows details of departments where employees
work. Contains 27 rows; references with locations, employees, and job_history tables.';
/
--------------------------------------------------------
--  DDL for Table EMPLOYEES
--------------------------------------------------------

  CREATE TABLE "EMPLOYEES" 
   (	"EMPLOYEE_ID" NUMBER(6,0), 
	"FIRST_NAME" VARCHAR2(100 CHAR), 
	"LAST_NAME" VARCHAR2(100 CHAR), 
	"EMAIL" VARCHAR2(300 CHAR), 
	"PHONE_NUMBER" VARCHAR2(20 CHAR), 
	"HIRE_DATE" DATE, 
	"JOB" VARCHAR2(200 CHAR), 
	"SALARY" NUMBER(8,2), 
	"COMMISSION_PCT" NUMBER(2,2), 
	"MANAGER_ID" NUMBER(6,0), 
	"DEPARTMENT_ID" NUMBER(4,0), 
	"IMAGE" VARCHAR2(500), 
	"COLOR" VARCHAR2(20), 
	"BIOGRAPHY" CLOB, 
	"CODE_SAMPLE" CLOB
   ) ;
/
--------------------------------------------------------
--  DDL for Table LOCATIONS
--------------------------------------------------------

  CREATE TABLE "LOCATIONS" 
   (	"LOCATION_ID" NUMBER(4,0), 
	"STREET_ADDRESS" VARCHAR2(40), 
	"POSTAL_CODE" VARCHAR2(12), 
	"CITY" VARCHAR2(30), 
	"STATE_PROVINCE" VARCHAR2(25), 
	"COUNTRY_ID" CHAR(2)
   ) ;
 

   COMMENT ON COLUMN "LOCATIONS"."LOCATION_ID" IS 'Primary key of locations table';
 
   COMMENT ON COLUMN "LOCATIONS"."STREET_ADDRESS" IS 'Street address of an office, warehouse, or production site of a company.
Contains building number and street name';
 
   COMMENT ON COLUMN "LOCATIONS"."POSTAL_CODE" IS 'Postal code of the location of an office, warehouse, or production site
of a company. ';
 
   COMMENT ON COLUMN "LOCATIONS"."CITY" IS 'A not null column that shows city where an office, warehouse, or
production site of a company is located. ';
 
   COMMENT ON COLUMN "LOCATIONS"."STATE_PROVINCE" IS 'State or Province where an office, warehouse, or production site of a
company is located.';
 
   COMMENT ON COLUMN "LOCATIONS"."COUNTRY_ID" IS 'Country where an office, warehouse, or production site of a company is
located. Foreign key to country_id column of the countries table.';
 
   COMMENT ON TABLE "LOCATIONS"  IS 'Locations table that contains specific address of a specific office,
warehouse, and/or production site of a company. Does not store addresses /
locations of customers. Contains 23 rows; references with the
departments and countries tables. ';
/
--------------------------------------------------------
--  DDL for Table REGIONS
--------------------------------------------------------

  CREATE TABLE "REGIONS" 
   (	"REGION_ID" NUMBER, 
	"REGION_NAME" VARCHAR2(25), 
	"REGION_CODE" VARCHAR2(20)
   ) ;
/
--------------------------------------------------------
--  DDL for Table TASKS
--------------------------------------------------------

  CREATE TABLE "TASKS" 
   (	"TASK_ID" NUMBER, 
	"LABEL" VARCHAR2(4000), 
	"ASSIGNEE" NUMBER, 
	"START_DATE" DATE, 
	"END_DATE" DATE, 
	"PERCENTAGE" NUMBER, 
	"TASK_TYPE" VARCHAR2(20), 
	"PARENT_TASK_ID" NUMBER, 
	"CRITICAL" VARCHAR2(20)
   ) ;
/
REM INSERTING into COUNTRIES
SET DEFINE OFF;
Insert into COUNTRIES (COUNTRY_ID,COUNTRY_NAME,REGION_ID) values ('AR','Argentina',2);
Insert into COUNTRIES (COUNTRY_ID,COUNTRY_NAME,REGION_ID) values ('AU','Australia',3);
Insert into COUNTRIES (COUNTRY_ID,COUNTRY_NAME,REGION_ID) values ('BE','Belgium',1);
Insert into COUNTRIES (COUNTRY_ID,COUNTRY_NAME,REGION_ID) values ('BR','Brazil',2);
Insert into COUNTRIES (COUNTRY_ID,COUNTRY_NAME,REGION_ID) values ('CA','Canada',2);
Insert into COUNTRIES (COUNTRY_ID,COUNTRY_NAME,REGION_ID) values ('CH','Switzerland',1);
Insert into COUNTRIES (COUNTRY_ID,COUNTRY_NAME,REGION_ID) values ('CN','China',3);
Insert into COUNTRIES (COUNTRY_ID,COUNTRY_NAME,REGION_ID) values ('DE','Germany',1);
Insert into COUNTRIES (COUNTRY_ID,COUNTRY_NAME,REGION_ID) values ('DK','Denmark',1);
Insert into COUNTRIES (COUNTRY_ID,COUNTRY_NAME,REGION_ID) values ('EG','Egypt',4);
Insert into COUNTRIES (COUNTRY_ID,COUNTRY_NAME,REGION_ID) values ('FR','France',1);
Insert into COUNTRIES (COUNTRY_ID,COUNTRY_NAME,REGION_ID) values ('IL','Israel',4);
Insert into COUNTRIES (COUNTRY_ID,COUNTRY_NAME,REGION_ID) values ('IN','India',3);
Insert into COUNTRIES (COUNTRY_ID,COUNTRY_NAME,REGION_ID) values ('IT','Italy',1);
Insert into COUNTRIES (COUNTRY_ID,COUNTRY_NAME,REGION_ID) values ('JP','Japan',3);
Insert into COUNTRIES (COUNTRY_ID,COUNTRY_NAME,REGION_ID) values ('KW','Kuwait',4);
Insert into COUNTRIES (COUNTRY_ID,COUNTRY_NAME,REGION_ID) values ('ML','Malaysia',3);
Insert into COUNTRIES (COUNTRY_ID,COUNTRY_NAME,REGION_ID) values ('MX','Mexico',2);
Insert into COUNTRIES (COUNTRY_ID,COUNTRY_NAME,REGION_ID) values ('NG','Nigeria',4);
Insert into COUNTRIES (COUNTRY_ID,COUNTRY_NAME,REGION_ID) values ('NL','Netherlands',1);
Insert into COUNTRIES (COUNTRY_ID,COUNTRY_NAME,REGION_ID) values ('SG','Singapore',3);
Insert into COUNTRIES (COUNTRY_ID,COUNTRY_NAME,REGION_ID) values ('TE','TEST',1);
Insert into COUNTRIES (COUNTRY_ID,COUNTRY_NAME,REGION_ID) values ('TS','TEST2',502);
Insert into COUNTRIES (COUNTRY_ID,COUNTRY_NAME,REGION_ID) values ('UK','United Kingdom',1);
Insert into COUNTRIES (COUNTRY_ID,COUNTRY_NAME,REGION_ID) values ('US','United States of America',2);
Insert into COUNTRIES (COUNTRY_ID,COUNTRY_NAME,REGION_ID) values ('ZM','Zambia',4);
Insert into COUNTRIES (COUNTRY_ID,COUNTRY_NAME,REGION_ID) values ('ZW','Zimbabwe',4);
REM INSERTING into DEPARTMENTS
SET DEFINE OFF;
Insert into DEPARTMENTS (DEPARTMENT_ID,DEPARTMENT_NAME,MANAGER_ID,LOCATION_ID) values (10,'Administration',null,1700);
Insert into DEPARTMENTS (DEPARTMENT_ID,DEPARTMENT_NAME,MANAGER_ID,LOCATION_ID) values (20,'Marketing',null,1800);
Insert into DEPARTMENTS (DEPARTMENT_ID,DEPARTMENT_NAME,MANAGER_ID,LOCATION_ID) values (30,'Purchasing',null,1700);
Insert into DEPARTMENTS (DEPARTMENT_ID,DEPARTMENT_NAME,MANAGER_ID,LOCATION_ID) values (40,'Human Resources',null,2400);
Insert into DEPARTMENTS (DEPARTMENT_ID,DEPARTMENT_NAME,MANAGER_ID,LOCATION_ID) values (50,'Shipping',null,1500);
Insert into DEPARTMENTS (DEPARTMENT_ID,DEPARTMENT_NAME,MANAGER_ID,LOCATION_ID) values (60,'IT',null,1400);
Insert into DEPARTMENTS (DEPARTMENT_ID,DEPARTMENT_NAME,MANAGER_ID,LOCATION_ID) values (70,'Public Relations',null,2700);
Insert into DEPARTMENTS (DEPARTMENT_ID,DEPARTMENT_NAME,MANAGER_ID,LOCATION_ID) values (80,'Sales',null,2100);
Insert into DEPARTMENTS (DEPARTMENT_ID,DEPARTMENT_NAME,MANAGER_ID,LOCATION_ID) values (90,'Executive',null,1700);
Insert into DEPARTMENTS (DEPARTMENT_ID,DEPARTMENT_NAME,MANAGER_ID,LOCATION_ID) values (100,'Finance',null,1700);
Insert into DEPARTMENTS (DEPARTMENT_ID,DEPARTMENT_NAME,MANAGER_ID,LOCATION_ID) values (110,'Accounting',null,1700);
Insert into DEPARTMENTS (DEPARTMENT_ID,DEPARTMENT_NAME,MANAGER_ID,LOCATION_ID) values (120,'Treasury',null,1700);
Insert into DEPARTMENTS (DEPARTMENT_ID,DEPARTMENT_NAME,MANAGER_ID,LOCATION_ID) values (130,'Corporate Tax',null,1700);
Insert into DEPARTMENTS (DEPARTMENT_ID,DEPARTMENT_NAME,MANAGER_ID,LOCATION_ID) values (140,'Control And Credit',null,1700);
Insert into DEPARTMENTS (DEPARTMENT_ID,DEPARTMENT_NAME,MANAGER_ID,LOCATION_ID) values (150,'Shareholder Services',null,1700);
Insert into DEPARTMENTS (DEPARTMENT_ID,DEPARTMENT_NAME,MANAGER_ID,LOCATION_ID) values (160,'Benefits',null,1700);
Insert into DEPARTMENTS (DEPARTMENT_ID,DEPARTMENT_NAME,MANAGER_ID,LOCATION_ID) values (170,'Manufacturing',null,1700);
Insert into DEPARTMENTS (DEPARTMENT_ID,DEPARTMENT_NAME,MANAGER_ID,LOCATION_ID) values (180,'Construction',null,1700);
Insert into DEPARTMENTS (DEPARTMENT_ID,DEPARTMENT_NAME,MANAGER_ID,LOCATION_ID) values (190,'Contracting',null,2100);
Insert into DEPARTMENTS (DEPARTMENT_ID,DEPARTMENT_NAME,MANAGER_ID,LOCATION_ID) values (200,'Operations',null,1700);
Insert into DEPARTMENTS (DEPARTMENT_ID,DEPARTMENT_NAME,MANAGER_ID,LOCATION_ID) values (210,'IT Support',null,1700);
Insert into DEPARTMENTS (DEPARTMENT_ID,DEPARTMENT_NAME,MANAGER_ID,LOCATION_ID) values (220,'NOC',null,1200);
Insert into DEPARTMENTS (DEPARTMENT_ID,DEPARTMENT_NAME,MANAGER_ID,LOCATION_ID) values (230,'IT Helpdesk',null,2100);
Insert into DEPARTMENTS (DEPARTMENT_ID,DEPARTMENT_NAME,MANAGER_ID,LOCATION_ID) values (240,'Government Sales',null,2900);
Insert into DEPARTMENTS (DEPARTMENT_ID,DEPARTMENT_NAME,MANAGER_ID,LOCATION_ID) values (250,'Retail Sales',null,2100);
Insert into DEPARTMENTS (DEPARTMENT_ID,DEPARTMENT_NAME,MANAGER_ID,LOCATION_ID) values (260,'Recruiting',null,2100);
Insert into DEPARTMENTS (DEPARTMENT_ID,DEPARTMENT_NAME,MANAGER_ID,LOCATION_ID) values (270,'Payroll',null,2100);
REM INSERTING into EMPLOYEES
SET DEFINE OFF;
Insert into EMPLOYEES (EMPLOYEE_ID,FIRST_NAME,LAST_NAME,EMAIL,PHONE_NUMBER,HIRE_DATE,JOB,SALARY,COMMISSION_PCT,MANAGER_ID,DEPARTMENT_ID,IMAGE,COLOR) values (109,'Daniel','Faviet','DFAVIET','515.124.4169',to_date('16-AUG-02','DD-MON-RR'),null,9000,null,108,100,'avatar2.png','#FFCC33');
Insert into EMPLOYEES (EMPLOYEE_ID,FIRST_NAME,LAST_NAME,EMAIL,PHONE_NUMBER,HIRE_DATE,JOB,SALARY,COMMISSION_PCT,MANAGER_ID,DEPARTMENT_ID,IMAGE,COLOR) values (120,'Matthew','Weiss','MWEISS','650.123.1234',to_date('18-JUL-04','DD-MON-RR'),null,8000,null,100,50,'avatar.jpg','#666666');
Insert into EMPLOYEES (EMPLOYEE_ID,FIRST_NAME,LAST_NAME,EMAIL,PHONE_NUMBER,HIRE_DATE,JOB,SALARY,COMMISSION_PCT,MANAGER_ID,DEPARTMENT_ID,IMAGE,COLOR) values (128,'Steven','Markle','SMARKLE','650.124.1434',to_date('08-MAR-08','DD-MON-RR'),null,2200,null,120,50,'avatar.jpg','#666666');
Insert into EMPLOYEES (EMPLOYEE_ID,FIRST_NAME,LAST_NAME,EMAIL,PHONE_NUMBER,HIRE_DATE,JOB,SALARY,COMMISSION_PCT,MANAGER_ID,DEPARTMENT_ID,IMAGE,COLOR) values (137,'Renske','Ladwig','RLADWIG','650.121.1234',to_date('14-JUL-03','DD-MON-RR'),null,3600,null,123,50,'avatar.jpg','#666666');
Insert into EMPLOYEES (EMPLOYEE_ID,FIRST_NAME,LAST_NAME,EMAIL,PHONE_NUMBER,HIRE_DATE,JOB,SALARY,COMMISSION_PCT,MANAGER_ID,DEPARTMENT_ID,IMAGE,COLOR) values (146,'Karen','Partners','KPARTNER','011.44.1344.467268',to_date('05-JAN-05','DD-MON-RR'),null,13500,0.3,100,80,'avatar.jpg','#666666');
Insert into EMPLOYEES (EMPLOYEE_ID,FIRST_NAME,LAST_NAME,EMAIL,PHONE_NUMBER,HIRE_DATE,JOB,SALARY,COMMISSION_PCT,MANAGER_ID,DEPARTMENT_ID,IMAGE,COLOR) values (157,'Patrick','Sully','PSULLY','011.44.1345.929268',to_date('04-MAR-04','DD-MON-RR'),null,9500,0.35,146,80,'avatar.jpg','#666666');
Insert into EMPLOYEES (EMPLOYEE_ID,FIRST_NAME,LAST_NAME,EMAIL,PHONE_NUMBER,HIRE_DATE,JOB,SALARY,COMMISSION_PCT,MANAGER_ID,DEPARTMENT_ID,IMAGE,COLOR) values (167,'Amit','Banda','ABANDA','011.44.1346.729268',to_date('21-APR-08','DD-MON-RR'),null,6200,0.1,147,80,'avatar.jpg','#666666');
Insert into EMPLOYEES (EMPLOYEE_ID,FIRST_NAME,LAST_NAME,EMAIL,PHONE_NUMBER,HIRE_DATE,JOB,SALARY,COMMISSION_PCT,MANAGER_ID,DEPARTMENT_ID,IMAGE,COLOR) values (176,'Jonathon','Taylor','JTAYLOR','011.44.1644.429265',to_date('24-MAR-06','DD-MON-RR'),null,8600,0.2,149,80,'avatar.jpg','#666666');
Insert into EMPLOYEES (EMPLOYEE_ID,FIRST_NAME,LAST_NAME,EMAIL,PHONE_NUMBER,HIRE_DATE,JOB,SALARY,COMMISSION_PCT,MANAGER_ID,DEPARTMENT_ID,IMAGE,COLOR) values (188,'Kelly','Chung','KCHUNG','650.505.1876',to_date('14-JUN-05','DD-MON-RR'),null,3800,null,122,50,'avatar.jpg','#666666');
Insert into EMPLOYEES (EMPLOYEE_ID,FIRST_NAME,LAST_NAME,EMAIL,PHONE_NUMBER,HIRE_DATE,JOB,SALARY,COMMISSION_PCT,MANAGER_ID,DEPARTMENT_ID,IMAGE,COLOR) values (199,'Douglas','Grant','DGRANT','650.507.9844',to_date('13-JAN-08','DD-MON-RR'),null,2600,null,124,50,'avatar.jpg','#666666');
Insert into EMPLOYEES (EMPLOYEE_ID,FIRST_NAME,LAST_NAME,EMAIL,PHONE_NUMBER,HIRE_DATE,JOB,SALARY,COMMISSION_PCT,MANAGER_ID,DEPARTMENT_ID,IMAGE,COLOR) values (180,'Winston','Taylor','WTAYLOR','650.507.9876',to_date('24-JAN-06','DD-MON-RR'),null,3200,null,120,50,'avatar.jpg','#3366FF');
Insert into EMPLOYEES (EMPLOYEE_ID,FIRST_NAME,LAST_NAME,EMAIL,PHONE_NUMBER,HIRE_DATE,JOB,SALARY,COMMISSION_PCT,MANAGER_ID,DEPARTMENT_ID,IMAGE,COLOR) values (186,'Julia','Dellinger','JDELLING','650.509.3876',to_date('24-JUN-06','DD-MON-RR'),null,3400,null,121,50,'avatar.jpg','#6633FF');
Insert into EMPLOYEES (EMPLOYEE_ID,FIRST_NAME,LAST_NAME,EMAIL,PHONE_NUMBER,HIRE_DATE,JOB,SALARY,COMMISSION_PCT,MANAGER_ID,DEPARTMENT_ID,IMAGE,COLOR) values (192,'Sarah','Bell','SBELL','650.501.1876',to_date('04-FEB-04','DD-MON-RR'),null,4000,null,123,50,'avatar.jpg','#CC33FF');
Insert into EMPLOYEES (EMPLOYEE_ID,FIRST_NAME,LAST_NAME,EMAIL,PHONE_NUMBER,HIRE_DATE,JOB,SALARY,COMMISSION_PCT,MANAGER_ID,DEPARTMENT_ID,IMAGE,COLOR) values (198,'Donald','OConnell','DOCONNEL','650.507.9833',to_date('21-JUN-07','DD-MON-RR'),null,2600,null,124,50,'avatar.jpg','#FF33CC');
Insert into EMPLOYEES (EMPLOYEE_ID,FIRST_NAME,LAST_NAME,EMAIL,PHONE_NUMBER,HIRE_DATE,JOB,SALARY,COMMISSION_PCT,MANAGER_ID,DEPARTMENT_ID,IMAGE,COLOR) values (204,'Hermann','Baer','HBAER','515.123.8888',to_date('07-JUN-02','DD-MON-RR'),null,10000,null,101,70,'avatar.jpg','#33CCFF');
Insert into EMPLOYEES (EMPLOYEE_ID,FIRST_NAME,LAST_NAME,EMAIL,PHONE_NUMBER,HIRE_DATE,JOB,SALARY,COMMISSION_PCT,MANAGER_ID,DEPARTMENT_ID,IMAGE,COLOR) values (117,'Sigal','Tobias','STOBIAS','515.127.4564',to_date('24-JUL-05','DD-MON-RR'),null,2800,null,114,30,'avatar18.jpg','#003DF5');
Insert into EMPLOYEES (EMPLOYEE_ID,FIRST_NAME,LAST_NAME,EMAIL,PHONE_NUMBER,HIRE_DATE,JOB,SALARY,COMMISSION_PCT,MANAGER_ID,DEPARTMENT_ID,IMAGE,COLOR) values (100,'Steven','King','SKING','515.123.4567',to_date('17-JUN-03','DD-MON-RR'),null,24000,null,null,90,'avatar1.jpg','#002EB8');
Insert into EMPLOYEES (EMPLOYEE_ID,FIRST_NAME,LAST_NAME,EMAIL,PHONE_NUMBER,HIRE_DATE,JOB,SALARY,COMMISSION_PCT,MANAGER_ID,DEPARTMENT_ID,IMAGE,COLOR) values (101,'Neena','Kochhar','NKOCHHAR','515.123.4568',to_date('21-SEP-05','DD-MON-RR'),null,17000,null,100,90,'avatar2.jpg','#FF3366');
Insert into EMPLOYEES (EMPLOYEE_ID,FIRST_NAME,LAST_NAME,EMAIL,PHONE_NUMBER,HIRE_DATE,JOB,SALARY,COMMISSION_PCT,MANAGER_ID,DEPARTMENT_ID,IMAGE,COLOR) values (102,'Lex','De Haan','LDEHAAN','515.123.4569',to_date('13-JAN-01','DD-MON-RR'),null,17000,null,100,90,'avatar3.jpg','#33FFCC');
Insert into EMPLOYEES (EMPLOYEE_ID,FIRST_NAME,LAST_NAME,EMAIL,PHONE_NUMBER,HIRE_DATE,JOB,SALARY,COMMISSION_PCT,MANAGER_ID,DEPARTMENT_ID,IMAGE,COLOR) values (103,'Alexander','Hunold','AHUNOLD','590.423.4567',to_date('03-JAN-06','DD-MON-RR'),null,9000,null,102,60,'avatar4.jpg','#B88A00');
Insert into EMPLOYEES (EMPLOYEE_ID,FIRST_NAME,LAST_NAME,EMAIL,PHONE_NUMBER,HIRE_DATE,JOB,SALARY,COMMISSION_PCT,MANAGER_ID,DEPARTMENT_ID,IMAGE,COLOR) values (104,'Bruce','Ernst','BERNST','590.423.4568',to_date('21-MAY-07','DD-MON-RR'),null,6000,null,103,60,'avatar5.jpg','#F5B800');
Insert into EMPLOYEES (EMPLOYEE_ID,FIRST_NAME,LAST_NAME,EMAIL,PHONE_NUMBER,HIRE_DATE,JOB,SALARY,COMMISSION_PCT,MANAGER_ID,DEPARTMENT_ID,IMAGE,COLOR) values (105,'David','Austin','DAUSTIN','590.423.4569',to_date('25-JUN-05','DD-MON-RR'),null,4800,null,103,60,'avatar6.jpg','#FF6633');
Insert into EMPLOYEES (EMPLOYEE_ID,FIRST_NAME,LAST_NAME,EMAIL,PHONE_NUMBER,HIRE_DATE,JOB,SALARY,COMMISSION_PCT,MANAGER_ID,DEPARTMENT_ID,IMAGE,COLOR) values (106,'Valli','Pataballa','VPATABAL','590.423.4560',to_date('05-FEB-06','DD-MON-RR'),null,4800,null,103,60,'avatar7.jpg','#33FF66');
Insert into EMPLOYEES (EMPLOYEE_ID,FIRST_NAME,LAST_NAME,EMAIL,PHONE_NUMBER,HIRE_DATE,JOB,SALARY,COMMISSION_PCT,MANAGER_ID,DEPARTMENT_ID,IMAGE,COLOR) values (107,'Diana','Lorentz','DLORENTZ','590.423.5567',to_date('07-FEB-07','DD-MON-RR'),null,4200,null,103,60,'avatar8.jpg','#66FF33');
Insert into EMPLOYEES (EMPLOYEE_ID,FIRST_NAME,LAST_NAME,EMAIL,PHONE_NUMBER,HIRE_DATE,JOB,SALARY,COMMISSION_PCT,MANAGER_ID,DEPARTMENT_ID,IMAGE,COLOR) values (108,'Nancy','Greenberg','NGREENBE','515.124.4569',to_date('17-AUG-02','DD-MON-RR'),null,12008,null,101,100,'avatar9.jpg','#CCFF33');
Insert into EMPLOYEES (EMPLOYEE_ID,FIRST_NAME,LAST_NAME,EMAIL,PHONE_NUMBER,HIRE_DATE,JOB,SALARY,COMMISSION_PCT,MANAGER_ID,DEPARTMENT_ID,IMAGE,COLOR) values (110,'John','Chen','JCHEN','515.124.4269',to_date('28-SEP-05','DD-MON-RR'),null,8200,null,108,100,'avatar11.jpg','#666666');
Insert into EMPLOYEES (EMPLOYEE_ID,FIRST_NAME,LAST_NAME,EMAIL,PHONE_NUMBER,HIRE_DATE,JOB,SALARY,COMMISSION_PCT,MANAGER_ID,DEPARTMENT_ID,IMAGE,COLOR) values (111,'Ismael','Sciarra','ISCIARRA','515.124.4369',to_date('30-SEP-05','DD-MON-RR'),null,7700,null,108,100,'avatar12.jpg','#666666');
Insert into EMPLOYEES (EMPLOYEE_ID,FIRST_NAME,LAST_NAME,EMAIL,PHONE_NUMBER,HIRE_DATE,JOB,SALARY,COMMISSION_PCT,MANAGER_ID,DEPARTMENT_ID,IMAGE,COLOR) values (112,'Jose Manuel','Urman','JMURMAN','515.124.4469',to_date('07-MAR-06','DD-MON-RR'),null,7800,null,108,100,'avatar13.jpg','#666666');
Insert into EMPLOYEES (EMPLOYEE_ID,FIRST_NAME,LAST_NAME,EMAIL,PHONE_NUMBER,HIRE_DATE,JOB,SALARY,COMMISSION_PCT,MANAGER_ID,DEPARTMENT_ID,IMAGE,COLOR) values (113,'Luis','Popp','LPOPP','515.124.4567',to_date('07-DEC-07','DD-MON-RR'),null,6900,null,108,100,'avatar14.jpg','#666666');
Insert into EMPLOYEES (EMPLOYEE_ID,FIRST_NAME,LAST_NAME,EMAIL,PHONE_NUMBER,HIRE_DATE,JOB,SALARY,COMMISSION_PCT,MANAGER_ID,DEPARTMENT_ID,IMAGE,COLOR) values (114,'Den','Raphaely','DRAPHEAL','515.127.4561',to_date('07-DEC-02','DD-MON-RR'),null,11000,null,100,30,'avatar15.jpg','#666666');
Insert into EMPLOYEES (EMPLOYEE_ID,FIRST_NAME,LAST_NAME,EMAIL,PHONE_NUMBER,HIRE_DATE,JOB,SALARY,COMMISSION_PCT,MANAGER_ID,DEPARTMENT_ID,IMAGE,COLOR) values (115,'Alexander','Khoo','AKHOO','515.127.4562',to_date('18-MAY-03','DD-MON-RR'),null,3100,null,114,30,'avatar16.jpg','#666666');
Insert into EMPLOYEES (EMPLOYEE_ID,FIRST_NAME,LAST_NAME,EMAIL,PHONE_NUMBER,HIRE_DATE,JOB,SALARY,COMMISSION_PCT,MANAGER_ID,DEPARTMENT_ID,IMAGE,COLOR) values (116,'Shelli','Baida','SBAIDA','515.127.4563',to_date('24-DEC-05','DD-MON-RR'),null,2900,null,114,30,'avatar17.jpg','#666666');
Insert into EMPLOYEES (EMPLOYEE_ID,FIRST_NAME,LAST_NAME,EMAIL,PHONE_NUMBER,HIRE_DATE,JOB,SALARY,COMMISSION_PCT,MANAGER_ID,DEPARTMENT_ID,IMAGE,COLOR) values (118,'Guy','Himuro','GHIMURO','515.127.4565',to_date('15-NOV-06','DD-MON-RR'),null,2600,null,114,30,'avatar19.jpg','#666666');
Insert into EMPLOYEES (EMPLOYEE_ID,FIRST_NAME,LAST_NAME,EMAIL,PHONE_NUMBER,HIRE_DATE,JOB,SALARY,COMMISSION_PCT,MANAGER_ID,DEPARTMENT_ID,IMAGE,COLOR) values (119,'Karen','Colmenares','KCOLMENA','515.127.4566',to_date('10-AUG-07','DD-MON-RR'),null,2500,null,114,30,'avatar.jpg','#666666');
Insert into EMPLOYEES (EMPLOYEE_ID,FIRST_NAME,LAST_NAME,EMAIL,PHONE_NUMBER,HIRE_DATE,JOB,SALARY,COMMISSION_PCT,MANAGER_ID,DEPARTMENT_ID,IMAGE,COLOR) values (121,'Adam','Fripp','AFRIPP','650.123.2234',to_date('10-APR-05','DD-MON-RR'),null,8200,null,100,50,'avatar.jpg','#666666');
Insert into EMPLOYEES (EMPLOYEE_ID,FIRST_NAME,LAST_NAME,EMAIL,PHONE_NUMBER,HIRE_DATE,JOB,SALARY,COMMISSION_PCT,MANAGER_ID,DEPARTMENT_ID,IMAGE,COLOR) values (122,'Payam','Kaufling','PKAUFLIN','650.123.3234',to_date('01-MAY-03','DD-MON-RR'),null,7900,null,100,50,'avatar.jpg','#666666');
Insert into EMPLOYEES (EMPLOYEE_ID,FIRST_NAME,LAST_NAME,EMAIL,PHONE_NUMBER,HIRE_DATE,JOB,SALARY,COMMISSION_PCT,MANAGER_ID,DEPARTMENT_ID,IMAGE,COLOR) values (123,'Shanta','Vollman','SVOLLMAN','650.123.4234',to_date('10-OCT-05','DD-MON-RR'),null,6500,null,100,50,'avatar.jpg','#666666');
Insert into EMPLOYEES (EMPLOYEE_ID,FIRST_NAME,LAST_NAME,EMAIL,PHONE_NUMBER,HIRE_DATE,JOB,SALARY,COMMISSION_PCT,MANAGER_ID,DEPARTMENT_ID,IMAGE,COLOR) values (124,'Kevin','Mourgos','KMOURGOS','650.123.5234',to_date('16-NOV-07','DD-MON-RR'),null,5800,null,100,50,'avatar.jpg','#666666');
Insert into EMPLOYEES (EMPLOYEE_ID,FIRST_NAME,LAST_NAME,EMAIL,PHONE_NUMBER,HIRE_DATE,JOB,SALARY,COMMISSION_PCT,MANAGER_ID,DEPARTMENT_ID,IMAGE,COLOR) values (125,'Julia','Nayer','JNAYER','650.124.1214',to_date('16-JUL-05','DD-MON-RR'),null,3200,null,120,50,'avatar.jpg','#666666');
Insert into EMPLOYEES (EMPLOYEE_ID,FIRST_NAME,LAST_NAME,EMAIL,PHONE_NUMBER,HIRE_DATE,JOB,SALARY,COMMISSION_PCT,MANAGER_ID,DEPARTMENT_ID,IMAGE,COLOR) values (126,'Irene','Mikkilineni','IMIKKILI','650.124.1224',to_date('28-SEP-06','DD-MON-RR'),null,2700,null,120,50,'avatar.jpg','#666666');
Insert into EMPLOYEES (EMPLOYEE_ID,FIRST_NAME,LAST_NAME,EMAIL,PHONE_NUMBER,HIRE_DATE,JOB,SALARY,COMMISSION_PCT,MANAGER_ID,DEPARTMENT_ID,IMAGE,COLOR) values (127,'James','Landry','JLANDRY','650.124.1334',to_date('14-JAN-07','DD-MON-RR'),null,2400,null,120,50,'avatar.jpg','#666666');
Insert into EMPLOYEES (EMPLOYEE_ID,FIRST_NAME,LAST_NAME,EMAIL,PHONE_NUMBER,HIRE_DATE,JOB,SALARY,COMMISSION_PCT,MANAGER_ID,DEPARTMENT_ID,IMAGE,COLOR) values (129,'Laura','Bissot','LBISSOT','650.124.5234',to_date('20-AUG-05','DD-MON-RR'),null,3300,null,121,50,'avatar.jpg','#666666');
Insert into EMPLOYEES (EMPLOYEE_ID,FIRST_NAME,LAST_NAME,EMAIL,PHONE_NUMBER,HIRE_DATE,JOB,SALARY,COMMISSION_PCT,MANAGER_ID,DEPARTMENT_ID,IMAGE,COLOR) values (130,'Mozhe','Atkinson','MATKINSO','650.124.6234',to_date('30-OCT-05','DD-MON-RR'),null,2800,null,121,50,'avatar.jpg','#666666');
Insert into EMPLOYEES (EMPLOYEE_ID,FIRST_NAME,LAST_NAME,EMAIL,PHONE_NUMBER,HIRE_DATE,JOB,SALARY,COMMISSION_PCT,MANAGER_ID,DEPARTMENT_ID,IMAGE,COLOR) values (131,'James','Marlow','JAMRLOW','650.124.7234',to_date('16-FEB-05','DD-MON-RR'),null,2500,null,121,50,'avatar.jpg','#666666');
Insert into EMPLOYEES (EMPLOYEE_ID,FIRST_NAME,LAST_NAME,EMAIL,PHONE_NUMBER,HIRE_DATE,JOB,SALARY,COMMISSION_PCT,MANAGER_ID,DEPARTMENT_ID,IMAGE,COLOR) values (132,'TJ','Olson','TJOLSON','650.124.8234',to_date('10-APR-07','DD-MON-RR'),null,2100,null,121,50,'avatar.jpg','#666666');
Insert into EMPLOYEES (EMPLOYEE_ID,FIRST_NAME,LAST_NAME,EMAIL,PHONE_NUMBER,HIRE_DATE,JOB,SALARY,COMMISSION_PCT,MANAGER_ID,DEPARTMENT_ID,IMAGE,COLOR) values (133,'Jason','Mallin','JMALLIN','650.127.1934',to_date('14-JUN-04','DD-MON-RR'),null,3300,null,122,50,'avatar.jpg','#666666');
Insert into EMPLOYEES (EMPLOYEE_ID,FIRST_NAME,LAST_NAME,EMAIL,PHONE_NUMBER,HIRE_DATE,JOB,SALARY,COMMISSION_PCT,MANAGER_ID,DEPARTMENT_ID,IMAGE,COLOR) values (134,'Michael','Rogers','MROGERS','650.127.1834',to_date('26-AUG-06','DD-MON-RR'),null,2900,null,122,50,'avatar.jpg','#666666');
Insert into EMPLOYEES (EMPLOYEE_ID,FIRST_NAME,LAST_NAME,EMAIL,PHONE_NUMBER,HIRE_DATE,JOB,SALARY,COMMISSION_PCT,MANAGER_ID,DEPARTMENT_ID,IMAGE,COLOR) values (135,'Ki','Gee','KGEE','650.127.1734',to_date('12-DEC-07','DD-MON-RR'),null,2400,null,122,50,'avatar.jpg','#666666');
Insert into EMPLOYEES (EMPLOYEE_ID,FIRST_NAME,LAST_NAME,EMAIL,PHONE_NUMBER,HIRE_DATE,JOB,SALARY,COMMISSION_PCT,MANAGER_ID,DEPARTMENT_ID,IMAGE,COLOR) values (136,'Hazel','Philtanker','HPHILTAN','650.127.1634',to_date('06-FEB-08','DD-MON-RR'),null,2200,null,122,50,'avatar.jpg','#666666');
Insert into EMPLOYEES (EMPLOYEE_ID,FIRST_NAME,LAST_NAME,EMAIL,PHONE_NUMBER,HIRE_DATE,JOB,SALARY,COMMISSION_PCT,MANAGER_ID,DEPARTMENT_ID,IMAGE,COLOR) values (138,'Stephen','Stiles','SSTILES','650.121.2034',to_date('26-OCT-05','DD-MON-RR'),null,3200,null,123,50,'avatar.jpg','#666666');
Insert into EMPLOYEES (EMPLOYEE_ID,FIRST_NAME,LAST_NAME,EMAIL,PHONE_NUMBER,HIRE_DATE,JOB,SALARY,COMMISSION_PCT,MANAGER_ID,DEPARTMENT_ID,IMAGE,COLOR) values (139,'John','Seo','JSEO','650.121.2019',to_date('12-FEB-06','DD-MON-RR'),null,2700,null,123,50,'avatar.jpg','#666666');
Insert into EMPLOYEES (EMPLOYEE_ID,FIRST_NAME,LAST_NAME,EMAIL,PHONE_NUMBER,HIRE_DATE,JOB,SALARY,COMMISSION_PCT,MANAGER_ID,DEPARTMENT_ID,IMAGE,COLOR) values (140,'Joshua','Patel','JPATEL','650.121.1834',to_date('06-APR-06','DD-MON-RR'),null,2500,null,123,50,'avatar.jpg','#666666');
Insert into EMPLOYEES (EMPLOYEE_ID,FIRST_NAME,LAST_NAME,EMAIL,PHONE_NUMBER,HIRE_DATE,JOB,SALARY,COMMISSION_PCT,MANAGER_ID,DEPARTMENT_ID,IMAGE,COLOR) values (141,'Trenna','Rajs','TRAJS','650.121.8009',to_date('17-OCT-03','DD-MON-RR'),null,3500,null,124,50,'avatar.jpg','#666666');
Insert into EMPLOYEES (EMPLOYEE_ID,FIRST_NAME,LAST_NAME,EMAIL,PHONE_NUMBER,HIRE_DATE,JOB,SALARY,COMMISSION_PCT,MANAGER_ID,DEPARTMENT_ID,IMAGE,COLOR) values (142,'Curtis','Davies','CDAVIES','650.121.2994',to_date('29-JAN-05','DD-MON-RR'),null,3100,null,124,50,'avatar.jpg','#666666');
Insert into EMPLOYEES (EMPLOYEE_ID,FIRST_NAME,LAST_NAME,EMAIL,PHONE_NUMBER,HIRE_DATE,JOB,SALARY,COMMISSION_PCT,MANAGER_ID,DEPARTMENT_ID,IMAGE,COLOR) values (143,'Randall','Matos','RMATOS','650.121.2874',to_date('15-MAR-06','DD-MON-RR'),null,2600,null,124,50,'avatar.jpg','#666666');
Insert into EMPLOYEES (EMPLOYEE_ID,FIRST_NAME,LAST_NAME,EMAIL,PHONE_NUMBER,HIRE_DATE,JOB,SALARY,COMMISSION_PCT,MANAGER_ID,DEPARTMENT_ID,IMAGE,COLOR) values (144,'Peter','Vargas','PVARGAS','650.121.2004',to_date('09-JUL-06','DD-MON-RR'),null,2500,null,124,50,'avatar.jpg','#666666');
Insert into EMPLOYEES (EMPLOYEE_ID,FIRST_NAME,LAST_NAME,EMAIL,PHONE_NUMBER,HIRE_DATE,JOB,SALARY,COMMISSION_PCT,MANAGER_ID,DEPARTMENT_ID,IMAGE,COLOR) values (145,'John','Russell','JRUSSEL','011.44.1344.429268',to_date('01-OCT-04','DD-MON-RR'),null,14000,0.4,100,80,'avatar.jpg','#666666');
Insert into EMPLOYEES (EMPLOYEE_ID,FIRST_NAME,LAST_NAME,EMAIL,PHONE_NUMBER,HIRE_DATE,JOB,SALARY,COMMISSION_PCT,MANAGER_ID,DEPARTMENT_ID,IMAGE,COLOR) values (147,'Alberto','Errazuriz','AERRAZUR','011.44.1344.429278',to_date('10-MAR-05','DD-MON-RR'),null,12000,0.3,100,80,'avatar.jpg','#666666');
Insert into EMPLOYEES (EMPLOYEE_ID,FIRST_NAME,LAST_NAME,EMAIL,PHONE_NUMBER,HIRE_DATE,JOB,SALARY,COMMISSION_PCT,MANAGER_ID,DEPARTMENT_ID,IMAGE,COLOR) values (148,'Gerald','Cambrault','GCAMBRAU','011.44.1344.619268',to_date('15-OCT-07','DD-MON-RR'),null,11000,0.3,100,80,'avatar.jpg','#666666');
Insert into EMPLOYEES (EMPLOYEE_ID,FIRST_NAME,LAST_NAME,EMAIL,PHONE_NUMBER,HIRE_DATE,JOB,SALARY,COMMISSION_PCT,MANAGER_ID,DEPARTMENT_ID,IMAGE,COLOR) values (149,'Eleni','Zlotkey','EZLOTKEY','011.44.1344.429018',to_date('29-JAN-08','DD-MON-RR'),null,10500,0.2,100,80,'avatar.jpg','#666666');
Insert into EMPLOYEES (EMPLOYEE_ID,FIRST_NAME,LAST_NAME,EMAIL,PHONE_NUMBER,HIRE_DATE,JOB,SALARY,COMMISSION_PCT,MANAGER_ID,DEPARTMENT_ID,IMAGE,COLOR) values (150,'Peter','Tucker','PTUCKER','011.44.1344.129268',to_date('30-JAN-05','DD-MON-RR'),null,10000,0.3,145,80,'avatar.jpg','#666666');
Insert into EMPLOYEES (EMPLOYEE_ID,FIRST_NAME,LAST_NAME,EMAIL,PHONE_NUMBER,HIRE_DATE,JOB,SALARY,COMMISSION_PCT,MANAGER_ID,DEPARTMENT_ID,IMAGE,COLOR) values (151,'David','Bernstein','DBERNSTE','011.44.1344.345268',to_date('24-MAR-05','DD-MON-RR'),null,9500,0.25,145,80,'avatar.jpg','#666666');
Insert into EMPLOYEES (EMPLOYEE_ID,FIRST_NAME,LAST_NAME,EMAIL,PHONE_NUMBER,HIRE_DATE,JOB,SALARY,COMMISSION_PCT,MANAGER_ID,DEPARTMENT_ID,IMAGE,COLOR) values (152,'Peter','Hall','PHALL','011.44.1344.478968',to_date('20-AUG-05','DD-MON-RR'),null,9000,0.25,145,80,'avatar.jpg','#666666');
Insert into EMPLOYEES (EMPLOYEE_ID,FIRST_NAME,LAST_NAME,EMAIL,PHONE_NUMBER,HIRE_DATE,JOB,SALARY,COMMISSION_PCT,MANAGER_ID,DEPARTMENT_ID,IMAGE,COLOR) values (153,'Christopher','Olsen','COLSEN','011.44.1344.498718',to_date('30-MAR-06','DD-MON-RR'),null,8000,0.2,145,80,'avatar.jpg','#666666');
Insert into EMPLOYEES (EMPLOYEE_ID,FIRST_NAME,LAST_NAME,EMAIL,PHONE_NUMBER,HIRE_DATE,JOB,SALARY,COMMISSION_PCT,MANAGER_ID,DEPARTMENT_ID,IMAGE,COLOR) values (154,'Nanette','Cambrault','NCAMBRAU','011.44.1344.987668',to_date('09-DEC-06','DD-MON-RR'),null,7500,0.2,145,80,'avatar.jpg','#666666');
Insert into EMPLOYEES (EMPLOYEE_ID,FIRST_NAME,LAST_NAME,EMAIL,PHONE_NUMBER,HIRE_DATE,JOB,SALARY,COMMISSION_PCT,MANAGER_ID,DEPARTMENT_ID,IMAGE,COLOR) values (155,'Oliver','Tuvault','OTUVAULT','011.44.1344.486508',to_date('23-NOV-07','DD-MON-RR'),null,7000,0.15,145,80,'avatar.jpg','#666666');
Insert into EMPLOYEES (EMPLOYEE_ID,FIRST_NAME,LAST_NAME,EMAIL,PHONE_NUMBER,HIRE_DATE,JOB,SALARY,COMMISSION_PCT,MANAGER_ID,DEPARTMENT_ID,IMAGE,COLOR) values (156,'Janette','King','JKING','011.44.1345.429268',to_date('30-JAN-04','DD-MON-RR'),null,10000,0.35,146,80,'avatar.jpg','#666666');
Insert into EMPLOYEES (EMPLOYEE_ID,FIRST_NAME,LAST_NAME,EMAIL,PHONE_NUMBER,HIRE_DATE,JOB,SALARY,COMMISSION_PCT,MANAGER_ID,DEPARTMENT_ID,IMAGE,COLOR) values (158,'Allan','McEwen','AMCEWEN','011.44.1345.829268',to_date('01-AUG-04','DD-MON-RR'),null,9000,0.35,146,80,'avatar.jpg','#666666');
Insert into EMPLOYEES (EMPLOYEE_ID,FIRST_NAME,LAST_NAME,EMAIL,PHONE_NUMBER,HIRE_DATE,JOB,SALARY,COMMISSION_PCT,MANAGER_ID,DEPARTMENT_ID,IMAGE,COLOR) values (159,'Lindsey','Smith','LSMITH','011.44.1345.729268',to_date('10-MAR-05','DD-MON-RR'),null,8000,0.3,146,80,'avatar.jpg','#666666');
Insert into EMPLOYEES (EMPLOYEE_ID,FIRST_NAME,LAST_NAME,EMAIL,PHONE_NUMBER,HIRE_DATE,JOB,SALARY,COMMISSION_PCT,MANAGER_ID,DEPARTMENT_ID,IMAGE,COLOR) values (160,'Louise','Doran','LDORAN','011.44.1345.629268',to_date('15-DEC-05','DD-MON-RR'),null,7500,0.3,146,80,'avatar.jpg','#666666');
Insert into EMPLOYEES (EMPLOYEE_ID,FIRST_NAME,LAST_NAME,EMAIL,PHONE_NUMBER,HIRE_DATE,JOB,SALARY,COMMISSION_PCT,MANAGER_ID,DEPARTMENT_ID,IMAGE,COLOR) values (161,'Sarath','Sewall','SSEWALL','011.44.1345.529268',to_date('03-NOV-06','DD-MON-RR'),null,7000,0.25,146,80,'avatar.jpg','#666666');
Insert into EMPLOYEES (EMPLOYEE_ID,FIRST_NAME,LAST_NAME,EMAIL,PHONE_NUMBER,HIRE_DATE,JOB,SALARY,COMMISSION_PCT,MANAGER_ID,DEPARTMENT_ID,IMAGE,COLOR) values (162,'Clara','Vishney','CVISHNEY','011.44.1346.129268',to_date('11-NOV-05','DD-MON-RR'),null,10500,0.25,147,80,'avatar.jpg','#666666');
Insert into EMPLOYEES (EMPLOYEE_ID,FIRST_NAME,LAST_NAME,EMAIL,PHONE_NUMBER,HIRE_DATE,JOB,SALARY,COMMISSION_PCT,MANAGER_ID,DEPARTMENT_ID,IMAGE,COLOR) values (163,'Danielle','Greene','DGREENE','011.44.1346.229268',to_date('19-MAR-07','DD-MON-RR'),null,9500,0.15,147,80,'avatar.jpg','#666666');
Insert into EMPLOYEES (EMPLOYEE_ID,FIRST_NAME,LAST_NAME,EMAIL,PHONE_NUMBER,HIRE_DATE,JOB,SALARY,COMMISSION_PCT,MANAGER_ID,DEPARTMENT_ID,IMAGE,COLOR) values (164,'Mattea','Marvins','MMARVINS','011.44.1346.329268',to_date('24-JAN-08','DD-MON-RR'),null,7200,0.1,147,80,'avatar.jpg','#666666');
Insert into EMPLOYEES (EMPLOYEE_ID,FIRST_NAME,LAST_NAME,EMAIL,PHONE_NUMBER,HIRE_DATE,JOB,SALARY,COMMISSION_PCT,MANAGER_ID,DEPARTMENT_ID,IMAGE,COLOR) values (165,'David','Lee','DLEE','011.44.1346.529268',to_date('23-FEB-08','DD-MON-RR'),null,6800,0.1,147,80,'avatar.jpg','#666666');
Insert into EMPLOYEES (EMPLOYEE_ID,FIRST_NAME,LAST_NAME,EMAIL,PHONE_NUMBER,HIRE_DATE,JOB,SALARY,COMMISSION_PCT,MANAGER_ID,DEPARTMENT_ID,IMAGE,COLOR) values (166,'Sundar','Ande','SANDE','011.44.1346.629268',to_date('24-MAR-08','DD-MON-RR'),null,6400,0.1,147,80,'avatar.jpg','#666666');
Insert into EMPLOYEES (EMPLOYEE_ID,FIRST_NAME,LAST_NAME,EMAIL,PHONE_NUMBER,HIRE_DATE,JOB,SALARY,COMMISSION_PCT,MANAGER_ID,DEPARTMENT_ID,IMAGE,COLOR) values (168,'Lisa','Ozer','LOZER','011.44.1343.929268',to_date('11-MAR-05','DD-MON-RR'),null,11500,0.25,148,80,'avatar.jpg','#666666');
Insert into EMPLOYEES (EMPLOYEE_ID,FIRST_NAME,LAST_NAME,EMAIL,PHONE_NUMBER,HIRE_DATE,JOB,SALARY,COMMISSION_PCT,MANAGER_ID,DEPARTMENT_ID,IMAGE,COLOR) values (169,'Harrison','Bloom','HBLOOM','011.44.1343.829268',to_date('23-MAR-06','DD-MON-RR'),null,10000,0.2,148,80,'avatar.jpg','#666666');
Insert into EMPLOYEES (EMPLOYEE_ID,FIRST_NAME,LAST_NAME,EMAIL,PHONE_NUMBER,HIRE_DATE,JOB,SALARY,COMMISSION_PCT,MANAGER_ID,DEPARTMENT_ID,IMAGE,COLOR) values (170,'Tayler','Fox','TFOX','011.44.1343.729268',to_date('24-JAN-06','DD-MON-RR'),null,9600,0.2,148,80,'avatar.jpg','#666666');
Insert into EMPLOYEES (EMPLOYEE_ID,FIRST_NAME,LAST_NAME,EMAIL,PHONE_NUMBER,HIRE_DATE,JOB,SALARY,COMMISSION_PCT,MANAGER_ID,DEPARTMENT_ID,IMAGE,COLOR) values (171,'William','Smith','WSMITH','011.44.1343.629268',to_date('23-FEB-07','DD-MON-RR'),null,7400,0.15,148,80,'avatar.jpg','#666666');
Insert into EMPLOYEES (EMPLOYEE_ID,FIRST_NAME,LAST_NAME,EMAIL,PHONE_NUMBER,HIRE_DATE,JOB,SALARY,COMMISSION_PCT,MANAGER_ID,DEPARTMENT_ID,IMAGE,COLOR) values (172,'Elizabeth','Bates','EBATES','011.44.1343.529268',to_date('24-MAR-07','DD-MON-RR'),null,7300,0.15,148,80,'avatar.jpg','#666666');
Insert into EMPLOYEES (EMPLOYEE_ID,FIRST_NAME,LAST_NAME,EMAIL,PHONE_NUMBER,HIRE_DATE,JOB,SALARY,COMMISSION_PCT,MANAGER_ID,DEPARTMENT_ID,IMAGE,COLOR) values (173,'Sundita','Kumar','SKUMAR','011.44.1343.329268',to_date('21-APR-08','DD-MON-RR'),null,6100,0.1,148,80,'avatar.jpg','#666666');
Insert into EMPLOYEES (EMPLOYEE_ID,FIRST_NAME,LAST_NAME,EMAIL,PHONE_NUMBER,HIRE_DATE,JOB,SALARY,COMMISSION_PCT,MANAGER_ID,DEPARTMENT_ID,IMAGE,COLOR) values (174,'Ellen','Abel','EABEL','011.44.1644.429267',to_date('11-MAY-04','DD-MON-RR'),null,11000,0.3,149,80,'avatar.jpg','#666666');
Insert into EMPLOYEES (EMPLOYEE_ID,FIRST_NAME,LAST_NAME,EMAIL,PHONE_NUMBER,HIRE_DATE,JOB,SALARY,COMMISSION_PCT,MANAGER_ID,DEPARTMENT_ID,IMAGE,COLOR) values (175,'Alyssa','Hutton','AHUTTON','011.44.1644.429266',to_date('19-MAR-05','DD-MON-RR'),null,8800,0.25,149,80,'avatar.jpg','#666666');
Insert into EMPLOYEES (EMPLOYEE_ID,FIRST_NAME,LAST_NAME,EMAIL,PHONE_NUMBER,HIRE_DATE,JOB,SALARY,COMMISSION_PCT,MANAGER_ID,DEPARTMENT_ID,IMAGE,COLOR) values (177,'Jack','Livingston','JLIVINGS','011.44.1644.429264',to_date('23-APR-06','DD-MON-RR'),null,8400,0.2,149,80,'avatar.jpg','#666666');
Insert into EMPLOYEES (EMPLOYEE_ID,FIRST_NAME,LAST_NAME,EMAIL,PHONE_NUMBER,HIRE_DATE,JOB,SALARY,COMMISSION_PCT,MANAGER_ID,DEPARTMENT_ID,IMAGE,COLOR) values (178,'Kimberely','Grant','KGRANT','011.44.1644.429263',to_date('24-MAY-07','DD-MON-RR'),null,7000,0.15,149,null,'avatar.jpg','#666666');
Insert into EMPLOYEES (EMPLOYEE_ID,FIRST_NAME,LAST_NAME,EMAIL,PHONE_NUMBER,HIRE_DATE,JOB,SALARY,COMMISSION_PCT,MANAGER_ID,DEPARTMENT_ID,IMAGE,COLOR) values (179,'Charles','Johnson','CJOHNSON','011.44.1644.429262',to_date('04-JAN-08','DD-MON-RR'),null,6200,0.1,149,80,'avatar.jpg','#666666');
Insert into EMPLOYEES (EMPLOYEE_ID,FIRST_NAME,LAST_NAME,EMAIL,PHONE_NUMBER,HIRE_DATE,JOB,SALARY,COMMISSION_PCT,MANAGER_ID,DEPARTMENT_ID,IMAGE,COLOR) values (181,'Jean','Fleaur','JFLEAUR','650.507.9877',to_date('23-FEB-06','DD-MON-RR'),null,3100,null,120,50,'avatar.jpg','#666666');
Insert into EMPLOYEES (EMPLOYEE_ID,FIRST_NAME,LAST_NAME,EMAIL,PHONE_NUMBER,HIRE_DATE,JOB,SALARY,COMMISSION_PCT,MANAGER_ID,DEPARTMENT_ID,IMAGE,COLOR) values (182,'Martha','Sullivan','MSULLIVA','650.507.9878',to_date('21-JUN-07','DD-MON-RR'),null,2500,null,120,50,'avatar.jpg','#666666');
Insert into EMPLOYEES (EMPLOYEE_ID,FIRST_NAME,LAST_NAME,EMAIL,PHONE_NUMBER,HIRE_DATE,JOB,SALARY,COMMISSION_PCT,MANAGER_ID,DEPARTMENT_ID,IMAGE,COLOR) values (183,'Girard','Geoni','GGEONI','650.507.9879',to_date('03-FEB-08','DD-MON-RR'),null,2800,null,120,50,'avatar.jpg','#666666');
Insert into EMPLOYEES (EMPLOYEE_ID,FIRST_NAME,LAST_NAME,EMAIL,PHONE_NUMBER,HIRE_DATE,JOB,SALARY,COMMISSION_PCT,MANAGER_ID,DEPARTMENT_ID,IMAGE,COLOR) values (184,'Nandita','Sarchand','NSARCHAN','650.509.1876',to_date('27-JAN-04','DD-MON-RR'),null,4200,null,121,50,'avatar.jpg','#666666');
Insert into EMPLOYEES (EMPLOYEE_ID,FIRST_NAME,LAST_NAME,EMAIL,PHONE_NUMBER,HIRE_DATE,JOB,SALARY,COMMISSION_PCT,MANAGER_ID,DEPARTMENT_ID,IMAGE,COLOR) values (185,'Alexis','Bull','ABULL','650.509.2876',to_date('20-FEB-05','DD-MON-RR'),null,4100,null,121,50,'avatar.jpg','#666666');
Insert into EMPLOYEES (EMPLOYEE_ID,FIRST_NAME,LAST_NAME,EMAIL,PHONE_NUMBER,HIRE_DATE,JOB,SALARY,COMMISSION_PCT,MANAGER_ID,DEPARTMENT_ID,IMAGE,COLOR) values (187,'Anthony','Cabrio','ACABRIO','650.509.4876',to_date('07-FEB-07','DD-MON-RR'),null,3000,null,121,50,'avatar.jpg','#666666');
Insert into EMPLOYEES (EMPLOYEE_ID,FIRST_NAME,LAST_NAME,EMAIL,PHONE_NUMBER,HIRE_DATE,JOB,SALARY,COMMISSION_PCT,MANAGER_ID,DEPARTMENT_ID,IMAGE,COLOR) values (189,'Jennifer','Dilly','JDILLY','650.505.2876',to_date('13-AUG-05','DD-MON-RR'),null,3600,null,122,50,'avatar.jpg','#666666');
Insert into EMPLOYEES (EMPLOYEE_ID,FIRST_NAME,LAST_NAME,EMAIL,PHONE_NUMBER,HIRE_DATE,JOB,SALARY,COMMISSION_PCT,MANAGER_ID,DEPARTMENT_ID,IMAGE,COLOR) values (190,'Timothy','Gates','TGATES','650.505.3876',to_date('11-JUL-06','DD-MON-RR'),null,2900,null,122,50,'avatar.jpg','#666666');
Insert into EMPLOYEES (EMPLOYEE_ID,FIRST_NAME,LAST_NAME,EMAIL,PHONE_NUMBER,HIRE_DATE,JOB,SALARY,COMMISSION_PCT,MANAGER_ID,DEPARTMENT_ID,IMAGE,COLOR) values (191,'Randall','Perkins','RPERKINS','650.505.4876',to_date('19-DEC-07','DD-MON-RR'),null,2500,null,122,50,'avatar.jpg','#666666');
Insert into EMPLOYEES (EMPLOYEE_ID,FIRST_NAME,LAST_NAME,EMAIL,PHONE_NUMBER,HIRE_DATE,JOB,SALARY,COMMISSION_PCT,MANAGER_ID,DEPARTMENT_ID,IMAGE,COLOR) values (193,'Britney','Everett','BEVERETT','650.501.2876',to_date('03-MAR-05','DD-MON-RR'),null,3900,null,123,50,'avatar.jpg','#666666');
Insert into EMPLOYEES (EMPLOYEE_ID,FIRST_NAME,LAST_NAME,EMAIL,PHONE_NUMBER,HIRE_DATE,JOB,SALARY,COMMISSION_PCT,MANAGER_ID,DEPARTMENT_ID,IMAGE,COLOR) values (194,'Samuel','McCain','SMCCAIN','650.501.3876',to_date('01-JUL-06','DD-MON-RR'),null,3200,null,123,50,'avatar.jpg','#666666');
Insert into EMPLOYEES (EMPLOYEE_ID,FIRST_NAME,LAST_NAME,EMAIL,PHONE_NUMBER,HIRE_DATE,JOB,SALARY,COMMISSION_PCT,MANAGER_ID,DEPARTMENT_ID,IMAGE,COLOR) values (195,'Vance','Jones','VJONES','650.501.4876',to_date('17-MAR-07','DD-MON-RR'),null,2800,null,123,50,'avatar.jpg','#666666');
Insert into EMPLOYEES (EMPLOYEE_ID,FIRST_NAME,LAST_NAME,EMAIL,PHONE_NUMBER,HIRE_DATE,JOB,SALARY,COMMISSION_PCT,MANAGER_ID,DEPARTMENT_ID,IMAGE,COLOR) values (196,'Alana','Walsh','AWALSH','650.507.9811',to_date('24-APR-06','DD-MON-RR'),null,3100,null,124,50,'avatar.jpg','#666666');
Insert into EMPLOYEES (EMPLOYEE_ID,FIRST_NAME,LAST_NAME,EMAIL,PHONE_NUMBER,HIRE_DATE,JOB,SALARY,COMMISSION_PCT,MANAGER_ID,DEPARTMENT_ID,IMAGE,COLOR) values (197,'Kevin','Feeney','KFEENEY','650.507.9822',to_date('23-MAY-06','DD-MON-RR'),null,3000,null,124,50,'avatar.jpg','#666666');
Insert into EMPLOYEES (EMPLOYEE_ID,FIRST_NAME,LAST_NAME,EMAIL,PHONE_NUMBER,HIRE_DATE,JOB,SALARY,COMMISSION_PCT,MANAGER_ID,DEPARTMENT_ID,IMAGE,COLOR) values (200,'Jennifer','Whalen','JWHALEN','515.123.4444',to_date('17-SEP-03','DD-MON-RR'),null,4400,null,101,10,'avatar.jpg','#666666');
Insert into EMPLOYEES (EMPLOYEE_ID,FIRST_NAME,LAST_NAME,EMAIL,PHONE_NUMBER,HIRE_DATE,JOB,SALARY,COMMISSION_PCT,MANAGER_ID,DEPARTMENT_ID,IMAGE,COLOR) values (201,'Michael','Hartstein','MHARTSTE','515.123.5555',to_date('17-FEB-04','DD-MON-RR'),null,13000,null,100,20,'avatar.jpg','#666666');
Insert into EMPLOYEES (EMPLOYEE_ID,FIRST_NAME,LAST_NAME,EMAIL,PHONE_NUMBER,HIRE_DATE,JOB,SALARY,COMMISSION_PCT,MANAGER_ID,DEPARTMENT_ID,IMAGE,COLOR) values (202,'Pat','Fay','PFAY','603.123.6666',to_date('17-AUG-05','DD-MON-RR'),null,6000,null,201,20,'avatar.jpg','#666666');
Insert into EMPLOYEES (EMPLOYEE_ID,FIRST_NAME,LAST_NAME,EMAIL,PHONE_NUMBER,HIRE_DATE,JOB,SALARY,COMMISSION_PCT,MANAGER_ID,DEPARTMENT_ID,IMAGE,COLOR) values (203,'Susan','Mavris','SMAVRIS','515.123.7777',to_date('07-JUN-02','DD-MON-RR'),null,6500,null,101,40,'avatar.jpg','#666666');
Insert into EMPLOYEES (EMPLOYEE_ID,FIRST_NAME,LAST_NAME,EMAIL,PHONE_NUMBER,HIRE_DATE,JOB,SALARY,COMMISSION_PCT,MANAGER_ID,DEPARTMENT_ID,IMAGE,COLOR) values (205,'Shelley','Higgins','SHIGGINS','515.123.8080',to_date('07-JUN-02','DD-MON-RR'),null,12008,null,101,110,'avatar.jpg','#666666');
Insert into EMPLOYEES (EMPLOYEE_ID,FIRST_NAME,LAST_NAME,EMAIL,PHONE_NUMBER,HIRE_DATE,JOB,SALARY,COMMISSION_PCT,MANAGER_ID,DEPARTMENT_ID,IMAGE,COLOR) values (206,'William','Gietz','WGIETZ','515.123.8181',to_date('07-JUN-02','DD-MON-RR'),null,8300,null,205,110,'avatar.jpg','#666666');
REM INSERTING into LOCATIONS
SET DEFINE OFF;
Insert into LOCATIONS (LOCATION_ID,STREET_ADDRESS,POSTAL_CODE,CITY,STATE_PROVINCE,COUNTRY_ID) values (1000,'1297 Via Cola di Rie','00989','Roma',null,'IT');
Insert into LOCATIONS (LOCATION_ID,STREET_ADDRESS,POSTAL_CODE,CITY,STATE_PROVINCE,COUNTRY_ID) values (1100,'93091 Calle della Testa','10934','Venice',null,'IT');
Insert into LOCATIONS (LOCATION_ID,STREET_ADDRESS,POSTAL_CODE,CITY,STATE_PROVINCE,COUNTRY_ID) values (1200,'2017 Shinjuku-ku','1689','Tokyo','Tokyo Prefecture','JP');
Insert into LOCATIONS (LOCATION_ID,STREET_ADDRESS,POSTAL_CODE,CITY,STATE_PROVINCE,COUNTRY_ID) values (1300,'9450 Kamiya-cho','6823','Hiroshima',null,'JP');
Insert into LOCATIONS (LOCATION_ID,STREET_ADDRESS,POSTAL_CODE,CITY,STATE_PROVINCE,COUNTRY_ID) values (1400,'2014 Jabberwocky Rd','26192','Southlake','Texas','US');
Insert into LOCATIONS (LOCATION_ID,STREET_ADDRESS,POSTAL_CODE,CITY,STATE_PROVINCE,COUNTRY_ID) values (1500,'2011 Interiors Blvd','99236','South San Francisco','California','US');
Insert into LOCATIONS (LOCATION_ID,STREET_ADDRESS,POSTAL_CODE,CITY,STATE_PROVINCE,COUNTRY_ID) values (1600,'2007 Zagora St','50090','South Brunswick','New Jersey','US');
Insert into LOCATIONS (LOCATION_ID,STREET_ADDRESS,POSTAL_CODE,CITY,STATE_PROVINCE,COUNTRY_ID) values (1700,'2004 Charade Rd','98199','Seattle','Washington','US');
Insert into LOCATIONS (LOCATION_ID,STREET_ADDRESS,POSTAL_CODE,CITY,STATE_PROVINCE,COUNTRY_ID) values (1800,'147 Spadina Ave','M5V 2L7','Toronto','Ontario','CA');
Insert into LOCATIONS (LOCATION_ID,STREET_ADDRESS,POSTAL_CODE,CITY,STATE_PROVINCE,COUNTRY_ID) values (1900,'6092 Boxwood St','YSW 9T2','Whitehorse','Yukon','CA');
Insert into LOCATIONS (LOCATION_ID,STREET_ADDRESS,POSTAL_CODE,CITY,STATE_PROVINCE,COUNTRY_ID) values (2000,'40-5-12 Laogianggen','190518','Beijing',null,'CN');
Insert into LOCATIONS (LOCATION_ID,STREET_ADDRESS,POSTAL_CODE,CITY,STATE_PROVINCE,COUNTRY_ID) values (2100,'1298 Vileparle (E)','490231','Bombay','Maharashtra','IN');
Insert into LOCATIONS (LOCATION_ID,STREET_ADDRESS,POSTAL_CODE,CITY,STATE_PROVINCE,COUNTRY_ID) values (2200,'12-98 Victoria Street','2901','Sydney','New South Wales','AU');
Insert into LOCATIONS (LOCATION_ID,STREET_ADDRESS,POSTAL_CODE,CITY,STATE_PROVINCE,COUNTRY_ID) values (2300,'198 Clementi North','540198','Singapore',null,'SG');
Insert into LOCATIONS (LOCATION_ID,STREET_ADDRESS,POSTAL_CODE,CITY,STATE_PROVINCE,COUNTRY_ID) values (2400,'8204 Arthur St',null,'London',null,'UK');
Insert into LOCATIONS (LOCATION_ID,STREET_ADDRESS,POSTAL_CODE,CITY,STATE_PROVINCE,COUNTRY_ID) values (2500,'Magdalen Centre, The Oxford Science Park','OX9 9ZB','Oxford','Oxford','UK');
Insert into LOCATIONS (LOCATION_ID,STREET_ADDRESS,POSTAL_CODE,CITY,STATE_PROVINCE,COUNTRY_ID) values (2600,'9702 Chester Road','09629850293','Stretford','Manchester','UK');
Insert into LOCATIONS (LOCATION_ID,STREET_ADDRESS,POSTAL_CODE,CITY,STATE_PROVINCE,COUNTRY_ID) values (2700,'Schwanthalerstr. 7031','80925','Munich','Bavaria','DE');
Insert into LOCATIONS (LOCATION_ID,STREET_ADDRESS,POSTAL_CODE,CITY,STATE_PROVINCE,COUNTRY_ID) values (2800,'Rua Frei Caneca 1360 ','01307-002','Sao Paulo','Sao Paulo','BR');
Insert into LOCATIONS (LOCATION_ID,STREET_ADDRESS,POSTAL_CODE,CITY,STATE_PROVINCE,COUNTRY_ID) values (2900,'20 Rue des Corps-Saints','1730','Geneva','Geneve','CH');
Insert into LOCATIONS (LOCATION_ID,STREET_ADDRESS,POSTAL_CODE,CITY,STATE_PROVINCE,COUNTRY_ID) values (3000,'Murtenstrasse 921','3095','Bern','BE','CH');
Insert into LOCATIONS (LOCATION_ID,STREET_ADDRESS,POSTAL_CODE,CITY,STATE_PROVINCE,COUNTRY_ID) values (3100,'Pieter Breughelstraat 837','3029SK','Utrecht','Utrecht','NL');
Insert into LOCATIONS (LOCATION_ID,STREET_ADDRESS,POSTAL_CODE,CITY,STATE_PROVINCE,COUNTRY_ID) values (3200,'Mariano Escobedo 9991','11932','Mexico City','Distrito Federal,','MX');
REM INSERTING into REGIONS
SET DEFINE OFF;
Insert into REGIONS (REGION_ID,REGION_NAME,REGION_CODE) values (1,'Europe','EU');
Insert into REGIONS (REGION_ID,REGION_NAME,REGION_CODE) values (2,'Americas','NA');
Insert into REGIONS (REGION_ID,REGION_NAME,REGION_CODE) values (3,'Asia','AS');
Insert into REGIONS (REGION_ID,REGION_NAME,REGION_CODE) values (4,'Middle East and Africa','AF');
REM INSERTING into TASKS
SET DEFINE OFF;
Insert into TASKS (TASK_ID,LABEL,ASSIGNEE,START_DATE,END_DATE,PERCENTAGE,TASK_TYPE,PARENT_TASK_ID,CRITICAL) values (1,'ADF Project',100,to_date('30-OCT-13','DD-MON-RR'),to_date('30-JAN-14','DD-MON-RR'),75,'Summary',null,'false');
Insert into TASKS (TASK_ID,LABEL,ASSIGNEE,START_DATE,END_DATE,PERCENTAGE,TASK_TYPE,PARENT_TASK_ID,CRITICAL) values (2,'Oracle ADF BC',101,to_date('30-OCT-13','DD-MON-RR'),to_date('28-DEC-13','DD-MON-RR'),100,'Normal',1,'true');
Insert into TASKS (TASK_ID,LABEL,ASSIGNEE,START_DATE,END_DATE,PERCENTAGE,TASK_TYPE,PARENT_TASK_ID,CRITICAL) values (3,'Oracle ADF Faces',102,to_date('28-DEC-13','DD-MON-RR'),to_date('28-JAN-14','DD-MON-RR'),50,'Normal',1,'false');
Insert into TASKS (TASK_ID,LABEL,ASSIGNEE,START_DATE,END_DATE,PERCENTAGE,TASK_TYPE,PARENT_TASK_ID,CRITICAL) values (4,'ADF Learning Phase',102,to_date('28-JAN-14','DD-MON-RR'),to_date('28-JAN-14','DD-MON-RR'),100,'Milestone',1,'false');
